Date,Occupancy
2/2/2015 14:19,1
2/2/2015 14:19,1
2/2/2015 14:21,1
2/2/2015 14:22,1
2/2/2015 14:23,1
2/2/2015 14:23,1
2/2/2015 14:25,1
2/2/2015 14:25,1
2/2/2015 14:26,1
2/2/2015 14:28,1
2/2/2015 14:29,1
2/2/2015 14:30,1
2/2/2015 14:31,1
2/2/2015 14:31,1
2/2/2015 14:32,1
2/2/2015 14:34,1
2/2/2015 14:35,1
2/2/2015 14:36,1
2/2/2015 14:37,1
2/2/2015 14:38,1
2/2/2015 14:38,1
2/2/2015 14:39,1
2/2/2015 14:41,1
2/2/2015 14:42,1
2/2/2015 14:43,1
2/2/2015 14:44,1
2/2/2015 14:44,1
2/2/2015 14:45,1
2/2/2015 14:47,1
2/2/2015 14:48,1
2/2/2015 14:49,1
2/2/2015 14:50,1
2/2/2015 14:51,1
2/2/2015 14:51,1
2/2/2015 14:53,1
2/2/2015 14:54,1
2/2/2015 14:55,1
2/2/2015 14:55,1
2/2/2015 14:57,1
2/2/2015 14:57,1
2/2/2015 14:58,1
2/2/2015 15:00,1
2/2/2015 15:01,1
2/2/2015 15:02,1
2/2/2015 15:03,1
2/2/2015 15:04,1
2/2/2015 15:04,1
2/2/2015 15:06,1
2/2/2015 15:07,1
2/2/2015 15:08,1
2/2/2015 15:08,1
2/2/2015 15:10,1
2/2/2015 15:10,1
2/2/2015 15:11,1
2/2/2015 15:13,1
2/2/2015 15:14,1
2/2/2015 15:15,1
2/2/2015 15:16,1
2/2/2015 15:16,1
2/2/2015 15:17,1
2/2/2015 15:19,1
2/2/2015 15:20,1
2/2/2015 15:21,1
2/2/2015 15:22,1
2/2/2015 15:23,1
2/2/2015 15:23,1
2/2/2015 15:24,1
2/2/2015 15:26,1
2/2/2015 15:27,1
2/2/2015 15:28,1
2/2/2015 15:29,1
2/2/2015 15:29,1
2/2/2015 15:30,1
2/2/2015 15:32,1
2/2/2015 15:33,1
2/2/2015 15:34,1
2/2/2015 15:35,1
2/2/2015 15:36,1
2/2/2015 15:36,1
2/2/2015 15:38,1
2/2/2015 15:39,1
2/2/2015 15:40,1
2/2/2015 15:40,1
2/2/2015 15:42,1
2/2/2015 15:42,1
2/2/2015 15:43,1
2/2/2015 15:45,1
2/2/2015 15:46,1
2/2/2015 15:47,1
2/2/2015 15:48,1
2/2/2015 15:49,1
2/2/2015 15:49,1
2/2/2015 15:51,1
2/2/2015 15:52,1
2/2/2015 15:53,1
2/2/2015 15:53,1
2/2/2015 15:55,1
2/2/2015 15:55,1
2/2/2015 15:56,1
2/2/2015 15:58,1
2/2/2015 15:59,1
2/2/2015 16:00,1
2/2/2015 16:01,1
2/2/2015 16:01,1
2/2/2015 16:02,1
2/2/2015 16:04,1
2/2/2015 16:05,1
2/2/2015 16:06,1
2/2/2015 16:07,1
2/2/2015 16:08,1
2/2/2015 16:08,1
2/2/2015 16:09,1
2/2/2015 16:11,1
2/2/2015 16:12,1
2/2/2015 16:13,1
2/2/2015 16:14,1
2/2/2015 16:14,1
2/2/2015 16:15,1
2/2/2015 16:17,1
2/2/2015 16:18,1
2/2/2015 16:19,1
2/2/2015 16:20,1
2/2/2015 16:21,1
2/2/2015 16:21,1
2/2/2015 16:23,1
2/2/2015 16:24,1
2/2/2015 16:25,1
2/2/2015 16:25,1
2/2/2015 16:27,1
2/2/2015 16:27,1
2/2/2015 16:28,1
2/2/2015 16:30,1
2/2/2015 16:31,1
2/2/2015 16:32,1
2/2/2015 16:33,1
2/2/2015 16:34,1
2/2/2015 16:34,1
2/2/2015 16:36,1
2/2/2015 16:37,1
2/2/2015 16:38,1
2/2/2015 16:38,1
2/2/2015 16:40,1
2/2/2015 16:40,1
2/2/2015 16:41,1
2/2/2015 16:43,1
2/2/2015 16:44,1
2/2/2015 16:45,1
2/2/2015 16:46,1
2/2/2015 16:46,1
2/2/2015 16:47,1
2/2/2015 16:49,1
2/2/2015 16:50,1
2/2/2015 16:51,1
2/2/2015 16:52,1
2/2/2015 16:53,1
2/2/2015 16:53,1
2/2/2015 16:54,1
2/2/2015 16:56,1
2/2/2015 16:57,1
2/2/2015 16:58,1
2/2/2015 16:59,1
2/2/2015 16:59,1
2/2/2015 17:00,1
2/2/2015 17:02,1
2/2/2015 17:03,1
2/2/2015 17:04,1
2/2/2015 17:05,1
2/2/2015 17:06,1
2/2/2015 17:06,1
2/2/2015 17:08,1
2/2/2015 17:09,1
2/2/2015 17:10,1
2/2/2015 17:10,1
2/2/2015 17:12,1
2/2/2015 17:12,1
2/2/2015 17:13,1
2/2/2015 17:15,1
2/2/2015 17:16,1
2/2/2015 17:17,1
2/2/2015 17:18,1
2/2/2015 17:19,1
2/2/2015 17:19,1
2/2/2015 17:21,1
2/2/2015 17:22,1
2/2/2015 17:23,1
2/2/2015 17:23,1
2/2/2015 17:25,1
2/2/2015 17:25,1
2/2/2015 17:26,1
2/2/2015 17:28,1
2/2/2015 17:29,1
2/2/2015 17:30,1
2/2/2015 17:31,1
2/2/2015 17:31,1
2/2/2015 17:32,1
2/2/2015 17:34,1
2/2/2015 17:35,1
2/2/2015 17:36,1
2/2/2015 17:37,1
2/2/2015 17:38,1
2/2/2015 17:38,1
2/2/2015 17:39,1
2/2/2015 17:41,1
2/2/2015 17:42,1
2/2/2015 17:43,1
2/2/2015 17:44,1
2/2/2015 17:44,1
2/2/2015 17:45,1
2/2/2015 17:47,1
2/2/2015 17:48,1
2/2/2015 17:49,1
2/2/2015 17:50,1
2/2/2015 17:51,1
2/2/2015 17:51,1
2/2/2015 17:53,1
2/2/2015 17:54,1
2/2/2015 17:55,1
2/2/2015 17:55,1
2/2/2015 17:57,1
2/2/2015 17:57,1
2/2/2015 17:58,1
2/2/2015 18:00,0
2/2/2015 18:01,1
2/2/2015 18:02,1
2/2/2015 18:03,1
2/2/2015 18:04,1
2/2/2015 18:04,0
2/2/2015 18:06,0
2/2/2015 18:07,0
2/2/2015 18:08,0
2/2/2015 18:08,0
2/2/2015 18:10,0
2/2/2015 18:10,0
2/2/2015 18:11,0
2/2/2015 18:13,0
2/2/2015 18:14,0
2/2/2015 18:15,0
2/2/2015 18:16,0
2/2/2015 18:16,0
2/2/2015 18:17,0
2/2/2015 18:19,0
2/2/2015 18:20,0
2/2/2015 18:21,0
2/2/2015 18:22,0
2/2/2015 18:23,0
2/2/2015 18:23,0
2/2/2015 18:24,0
2/2/2015 18:26,0
2/2/2015 18:27,0
2/2/2015 18:28,0
2/2/2015 18:29,0
2/2/2015 18:29,0
2/2/2015 18:30,0
2/2/2015 18:32,0
2/2/2015 18:33,0
2/2/2015 18:34,0
2/2/2015 18:35,0
2/2/2015 18:36,0
2/2/2015 18:36,0
2/2/2015 18:38,0
2/2/2015 18:39,0
2/2/2015 18:40,0
2/2/2015 18:40,0
2/2/2015 18:42,0
2/2/2015 18:42,0
2/2/2015 18:43,0
2/2/2015 18:45,0
2/2/2015 18:46,0
2/2/2015 18:47,0
2/2/2015 18:48,0
2/2/2015 18:49,0
2/2/2015 18:49,0
2/2/2015 18:51,0
2/2/2015 18:52,0
2/2/2015 18:53,0
2/2/2015 18:53,0
2/2/2015 18:55,0
2/2/2015 18:55,0
2/2/2015 18:56,0
2/2/2015 18:58,0
2/2/2015 18:59,0
2/2/2015 19:00,0
2/2/2015 19:01,0
2/2/2015 19:01,0
2/2/2015 19:02,0
2/2/2015 19:04,0
2/2/2015 19:05,0
2/2/2015 19:06,0
2/2/2015 19:07,0
2/2/2015 19:08,0
2/2/2015 19:08,0
2/2/2015 19:09,0
2/2/2015 19:11,0
2/2/2015 19:12,0
2/2/2015 19:13,0
2/2/2015 19:14,0
2/2/2015 19:14,0
2/2/2015 19:15,0
2/2/2015 19:17,0
2/2/2015 19:18,0
2/2/2015 19:19,0
2/2/2015 19:20,0
2/2/2015 19:21,0
2/2/2015 19:21,0
2/2/2015 19:23,0
2/2/2015 19:24,0
2/2/2015 19:25,0
2/2/2015 19:25,0
2/2/2015 19:27,0
2/2/2015 19:27,0
2/2/2015 19:28,0
2/2/2015 19:30,0
2/2/2015 19:31,0
2/2/2015 19:32,0
2/2/2015 19:33,0
2/2/2015 19:34,0
2/2/2015 19:34,0
2/2/2015 19:36,0
2/2/2015 19:37,0
2/2/2015 19:38,0
2/2/2015 19:38,0
2/2/2015 19:40,0
2/2/2015 19:40,0
2/2/2015 19:41,0
2/2/2015 19:43,0
2/2/2015 19:44,0
2/2/2015 19:45,0
2/2/2015 19:46,0
2/2/2015 19:46,0
2/2/2015 19:47,0
2/2/2015 19:49,0
2/2/2015 19:50,0
2/2/2015 19:51,0
2/2/2015 19:52,0
2/2/2015 19:53,0
2/2/2015 19:53,0
2/2/2015 19:54,0
2/2/2015 19:56,0
2/2/2015 19:57,0
2/2/2015 19:58,0
2/2/2015 19:59,0
2/2/2015 19:59,0
2/2/2015 20:00,0
2/2/2015 20:02,0
2/2/2015 20:03,0
2/2/2015 20:04,0
2/2/2015 20:05,0
2/2/2015 20:06,0
2/2/2015 20:06,0
2/2/2015 20:08,0
2/2/2015 20:09,0
2/2/2015 20:10,0
2/2/2015 20:10,0
2/2/2015 20:12,0
2/2/2015 20:12,0
2/2/2015 20:13,0
2/2/2015 20:15,0
2/2/2015 20:16,0
2/2/2015 20:17,0
2/2/2015 20:18,0
2/2/2015 20:19,0
2/2/2015 20:19,0
2/2/2015 20:21,0
2/2/2015 20:22,0
2/2/2015 20:23,0
2/2/2015 20:23,0
2/2/2015 20:25,0
2/2/2015 20:25,0
2/2/2015 20:26,0
2/2/2015 20:28,0
2/2/2015 20:29,0
2/2/2015 20:30,0
2/2/2015 20:31,0
2/2/2015 20:31,0
2/2/2015 20:32,0
2/2/2015 20:34,0
2/2/2015 20:35,0
2/2/2015 20:36,0
2/2/2015 20:37,0
2/2/2015 20:38,0
2/2/2015 20:38,0
2/2/2015 20:39,0
2/2/2015 20:41,0
2/2/2015 20:42,0
2/2/2015 20:43,0
2/2/2015 20:44,0
2/2/2015 20:44,0
2/2/2015 20:45,0
2/2/2015 20:47,0
2/2/2015 20:48,0
2/2/2015 20:49,0
2/2/2015 20:50,0
2/2/2015 20:51,0
2/2/2015 20:51,0
2/2/2015 20:53,0
2/2/2015 20:54,0
2/2/2015 20:55,0
2/2/2015 20:55,0
2/2/2015 20:57,0
2/2/2015 20:57,0
2/2/2015 20:58,0
2/2/2015 21:00,0
2/2/2015 21:01,0
2/2/2015 21:02,0
2/2/2015 21:03,0
2/2/2015 21:04,0
2/2/2015 21:04,0
2/2/2015 21:06,0
2/2/2015 21:07,0
2/2/2015 21:08,0
2/2/2015 21:08,0
2/2/2015 21:10,0
2/2/2015 21:10,0
2/2/2015 21:11,0
2/2/2015 21:13,0
2/2/2015 21:14,0
2/2/2015 21:15,0
2/2/2015 21:16,0
2/2/2015 21:16,0
2/2/2015 21:17,0
2/2/2015 21:19,0
2/2/2015 21:20,0
2/2/2015 21:21,0
2/2/2015 21:22,0
2/2/2015 21:23,0
2/2/2015 21:23,0
2/2/2015 21:24,0
2/2/2015 21:26,0
2/2/2015 21:27,0
2/2/2015 21:28,0
2/2/2015 21:29,0
2/2/2015 21:29,0
2/2/2015 21:30,0
2/2/2015 21:32,0
2/2/2015 21:33,0
2/2/2015 21:34,0
2/2/2015 21:35,0
2/2/2015 21:36,0
2/2/2015 21:36,0
2/2/2015 21:38,0
2/2/2015 21:39,0
2/2/2015 21:40,0
2/2/2015 21:40,0
2/2/2015 21:42,0
2/2/2015 21:42,0
2/2/2015 21:43,0
2/2/2015 21:45,0
2/2/2015 21:46,0
2/2/2015 21:47,0
2/2/2015 21:48,0
2/2/2015 21:49,0
2/2/2015 21:49,0
2/2/2015 21:51,0
2/2/2015 21:52,0
2/2/2015 21:53,0
2/2/2015 21:53,0
2/2/2015 21:55,0
2/2/2015 21:55,0
2/2/2015 21:56,0
2/2/2015 21:58,0
2/2/2015 21:59,0
2/2/2015 22:00,0
2/2/2015 22:01,0
2/2/2015 22:01,0
2/2/2015 22:02,0
2/2/2015 22:04,0
2/2/2015 22:05,0
2/2/2015 22:06,0
2/2/2015 22:07,0
2/2/2015 22:08,0
2/2/2015 22:08,0
2/2/2015 22:09,0
2/2/2015 22:11,0
2/2/2015 22:12,0
2/2/2015 22:13,0
2/2/2015 22:14,0
2/2/2015 22:14,0
2/2/2015 22:15,0
2/2/2015 22:17,0
2/2/2015 22:18,0
2/2/2015 22:19,0
2/2/2015 22:20,0
2/2/2015 22:21,0
2/2/2015 22:21,0
2/2/2015 22:23,0
2/2/2015 22:24,0
2/2/2015 22:25,0
2/2/2015 22:25,0
2/2/2015 22:27,0
2/2/2015 22:27,0
2/2/2015 22:28,0
2/2/2015 22:30,0
2/2/2015 22:31,0
2/2/2015 22:32,0
2/2/2015 22:33,0
2/2/2015 22:34,0
2/2/2015 22:34,0
2/2/2015 22:36,0
2/2/2015 22:37,0
2/2/2015 22:38,0
2/2/2015 22:38,0
2/2/2015 22:40,0
2/2/2015 22:40,0
2/2/2015 22:41,0
2/2/2015 22:43,0
2/2/2015 22:44,0
2/2/2015 22:45,0
2/2/2015 22:46,0
2/2/2015 22:46,0
2/2/2015 22:47,0
2/2/2015 22:49,0
2/2/2015 22:50,0
2/2/2015 22:51,0
2/2/2015 22:52,0
2/2/2015 22:53,0
2/2/2015 22:53,0
2/2/2015 22:54,0
2/2/2015 22:56,0
2/2/2015 22:57,0
2/2/2015 22:58,0
2/2/2015 22:59,0
2/2/2015 22:59,0
2/2/2015 23:00,0
2/2/2015 23:02,0
2/2/2015 23:03,0
2/2/2015 23:04,0
2/2/2015 23:05,0
2/2/2015 23:06,0
2/2/2015 23:06,0
2/2/2015 23:08,0
2/2/2015 23:09,0
2/2/2015 23:10,0
2/2/2015 23:10,0
2/2/2015 23:12,0
2/2/2015 23:12,0
2/2/2015 23:13,0
2/2/2015 23:15,0
2/2/2015 23:16,0
2/2/2015 23:17,0
2/2/2015 23:18,0
2/2/2015 23:19,0
2/2/2015 23:19,0
2/2/2015 23:21,0
2/2/2015 23:22,0
2/2/2015 23:23,0
2/2/2015 23:23,0
2/2/2015 23:25,0
2/2/2015 23:25,0
2/2/2015 23:26,0
2/2/2015 23:28,0
2/2/2015 23:29,0
2/2/2015 23:30,0
2/2/2015 23:31,0
2/2/2015 23:31,0
2/2/2015 23:32,0
2/2/2015 23:34,0
2/2/2015 23:35,0
2/2/2015 23:36,0
2/2/2015 23:37,0
2/2/2015 23:38,0
2/2/2015 23:38,0
2/2/2015 23:39,0
2/2/2015 23:41,0
2/2/2015 23:42,0
2/2/2015 23:43,0
2/2/2015 23:44,0
2/2/2015 23:44,0
2/2/2015 23:45,0
2/2/2015 23:47,0
2/2/2015 23:48,0
2/2/2015 23:49,0
2/2/2015 23:50,0
2/2/2015 23:51,0
2/2/2015 23:51,0
2/2/2015 23:53,0
2/2/2015 23:54,0
2/2/2015 23:55,0
2/2/2015 23:55,0
2/2/2015 23:57,0
2/2/2015 23:57,0
2/2/2015 23:58,0
2/3/2015 0:00,0
2/3/2015 0:01,0
2/3/2015 0:02,0
2/3/2015 0:03,0
2/3/2015 0:04,0
2/3/2015 0:04,0
2/3/2015 0:06,0
2/3/2015 0:07,0
2/3/2015 0:08,0
2/3/2015 0:08,0
2/3/2015 0:10,0
2/3/2015 0:10,0
2/3/2015 0:11,0
2/3/2015 0:13,0
2/3/2015 0:14,0
2/3/2015 0:15,0
2/3/2015 0:16,0
2/3/2015 0:16,0
2/3/2015 0:17,0
2/3/2015 0:19,0
2/3/2015 0:20,0
2/3/2015 0:21,0
2/3/2015 0:22,0
2/3/2015 0:23,0
2/3/2015 0:23,0
2/3/2015 0:24,0
2/3/2015 0:26,0
2/3/2015 0:27,0
2/3/2015 0:28,0
2/3/2015 0:29,0
2/3/2015 0:29,0
2/3/2015 0:30,0
2/3/2015 0:32,0
2/3/2015 0:33,0
2/3/2015 0:34,0
2/3/2015 0:35,0
2/3/2015 0:36,0
2/3/2015 0:36,0
2/3/2015 0:38,0
2/3/2015 0:39,0
2/3/2015 0:40,0
2/3/2015 0:40,0
2/3/2015 0:42,0
2/3/2015 0:42,0
2/3/2015 0:43,0
2/3/2015 0:45,0
2/3/2015 0:46,0
2/3/2015 0:47,0
2/3/2015 0:48,0
2/3/2015 0:49,0
2/3/2015 0:49,0
2/3/2015 0:51,0
2/3/2015 0:52,0
2/3/2015 0:53,0
2/3/2015 0:53,0
2/3/2015 0:55,0
2/3/2015 0:55,0
2/3/2015 0:56,0
2/3/2015 0:58,0
2/3/2015 0:59,0
2/3/2015 1:00,0
2/3/2015 1:01,0
2/3/2015 1:01,0
2/3/2015 1:02,0
2/3/2015 1:04,0
2/3/2015 1:05,0
2/3/2015 1:06,0
2/3/2015 1:07,0
2/3/2015 1:08,0
2/3/2015 1:08,0
2/3/2015 1:09,0
2/3/2015 1:11,0
2/3/2015 1:12,0
2/3/2015 1:13,0
2/3/2015 1:14,0
2/3/2015 1:14,0
2/3/2015 1:15,0
2/3/2015 1:17,0
2/3/2015 1:18,0
2/3/2015 1:19,0
2/3/2015 1:20,0
2/3/2015 1:21,0
2/3/2015 1:21,0
2/3/2015 1:23,0
2/3/2015 1:24,0
2/3/2015 1:25,0
2/3/2015 1:25,0
2/3/2015 1:27,0
2/3/2015 1:27,0
2/3/2015 1:28,0
2/3/2015 1:30,0
2/3/2015 1:31,0
2/3/2015 1:32,0
2/3/2015 1:33,0
2/3/2015 1:34,0
2/3/2015 1:34,0
2/3/2015 1:36,0
2/3/2015 1:37,0
2/3/2015 1:38,0
2/3/2015 1:38,0
2/3/2015 1:40,0
2/3/2015 1:40,0
2/3/2015 1:41,0
2/3/2015 1:43,0
2/3/2015 1:44,0
2/3/2015 1:45,0
2/3/2015 1:46,0
2/3/2015 1:46,0
2/3/2015 1:47,0
2/3/2015 1:49,0
2/3/2015 1:50,0
2/3/2015 1:51,0
2/3/2015 1:52,0
2/3/2015 1:53,0
2/3/2015 1:53,0
2/3/2015 1:54,0
2/3/2015 1:56,0
2/3/2015 1:57,0
2/3/2015 1:58,0
2/3/2015 1:59,0
2/3/2015 1:59,0
2/3/2015 2:00,0
2/3/2015 2:02,0
2/3/2015 2:03,0
2/3/2015 2:04,0
2/3/2015 2:05,0
2/3/2015 2:06,0
2/3/2015 2:06,0
2/3/2015 2:08,0
2/3/2015 2:09,0
2/3/2015 2:10,0
2/3/2015 2:10,0
2/3/2015 2:12,0
2/3/2015 2:12,0
2/3/2015 2:13,0
2/3/2015 2:15,0
2/3/2015 2:16,0
2/3/2015 2:17,0
2/3/2015 2:18,0
2/3/2015 2:19,0
2/3/2015 2:19,0
2/3/2015 2:21,0
2/3/2015 2:22,0
2/3/2015 2:23,0
2/3/2015 2:23,0
2/3/2015 2:25,0
2/3/2015 2:25,0
2/3/2015 2:26,0
2/3/2015 2:28,0
2/3/2015 2:29,0
2/3/2015 2:30,0
2/3/2015 2:31,0
2/3/2015 2:31,0
2/3/2015 2:32,0
2/3/2015 2:34,0
2/3/2015 2:35,0
2/3/2015 2:36,0
2/3/2015 2:37,0
2/3/2015 2:38,0
2/3/2015 2:38,0
2/3/2015 2:39,0
2/3/2015 2:41,0
2/3/2015 2:42,0
2/3/2015 2:43,0
2/3/2015 2:44,0
2/3/2015 2:44,0
2/3/2015 2:45,0
2/3/2015 2:47,0
2/3/2015 2:48,0
2/3/2015 2:49,0
2/3/2015 2:50,0
2/3/2015 2:51,0
2/3/2015 2:51,0
2/3/2015 2:53,0
2/3/2015 2:54,0
2/3/2015 2:55,0
2/3/2015 2:55,0
2/3/2015 2:57,0
2/3/2015 2:57,0
2/3/2015 2:58,0
2/3/2015 3:00,0
2/3/2015 3:01,0
2/3/2015 3:02,0
2/3/2015 3:03,0
2/3/2015 3:04,0
2/3/2015 3:04,0
2/3/2015 3:06,0
2/3/2015 3:07,0
2/3/2015 3:08,0
2/3/2015 3:08,0
2/3/2015 3:10,0
2/3/2015 3:10,0
2/3/2015 3:11,0
2/3/2015 3:13,0
2/3/2015 3:14,0
2/3/2015 3:15,0
2/3/2015 3:16,0
2/3/2015 3:16,0
2/3/2015 3:17,0
2/3/2015 3:19,0
2/3/2015 3:20,1
2/3/2015 3:21,0
2/3/2015 3:22,0
2/3/2015 3:23,0
2/3/2015 3:23,0
2/3/2015 3:24,0
2/3/2015 3:26,0
2/3/2015 3:27,0
2/3/2015 3:28,0
2/3/2015 3:29,0
2/3/2015 3:29,0
2/3/2015 3:30,0
2/3/2015 3:32,0
2/3/2015 3:33,0
2/3/2015 3:34,0
2/3/2015 3:35,0
2/3/2015 3:36,0
2/3/2015 3:36,0
2/3/2015 3:38,0
2/3/2015 3:39,0
2/3/2015 3:40,0
2/3/2015 3:40,0
2/3/2015 3:42,0
2/3/2015 3:42,0
2/3/2015 3:43,0
2/3/2015 3:45,0
2/3/2015 3:46,0
2/3/2015 3:47,0
2/3/2015 3:48,0
2/3/2015 3:49,0
2/3/2015 3:49,0
2/3/2015 3:51,0
2/3/2015 3:52,1
2/3/2015 3:53,1
2/3/2015 3:53,1
2/3/2015 3:55,1
2/3/2015 3:55,1
2/3/2015 3:56,1
2/3/2015 3:58,1
2/3/2015 3:59,1
2/3/2015 4:00,1
2/3/2015 4:01,1
2/3/2015 4:01,1
2/3/2015 4:02,1
2/3/2015 4:04,1
2/3/2015 4:05,1
2/3/2015 4:06,1
2/3/2015 4:07,1
2/3/2015 4:08,1
2/3/2015 4:08,1
2/3/2015 4:09,1
2/3/2015 4:11,1
2/3/2015 4:12,1
2/3/2015 4:13,1
2/3/2015 4:14,1
2/3/2015 4:14,1
2/3/2015 4:15,1
2/3/2015 4:17,1
2/3/2015 4:18,1
2/3/2015 4:19,1
2/3/2015 4:20,1
2/3/2015 4:21,1
2/3/2015 4:21,1
2/3/2015 4:23,1
2/3/2015 4:24,1
2/3/2015 4:25,1
2/3/2015 4:25,1
2/3/2015 4:27,1
2/3/2015 4:27,1
2/3/2015 4:28,1
2/3/2015 4:30,1
2/3/2015 4:31,1
2/3/2015 4:32,1
2/3/2015 4:33,1
2/3/2015 4:34,1
2/3/2015 4:34,1
2/3/2015 4:36,1
2/3/2015 4:37,1
2/3/2015 4:38,1
2/3/2015 4:38,1
2/3/2015 4:40,1
2/3/2015 4:40,1
2/3/2015 4:41,1
2/3/2015 4:43,1
2/3/2015 4:44,1
2/3/2015 4:45,1
2/3/2015 4:46,1
2/3/2015 4:46,1
2/3/2015 4:47,1
2/3/2015 4:49,1
2/3/2015 4:50,1
2/3/2015 4:51,1
2/3/2015 4:52,1
2/3/2015 4:53,1
2/3/2015 4:53,1
2/3/2015 4:54,1
2/3/2015 4:56,1
2/3/2015 4:57,1
2/3/2015 4:58,1
2/3/2015 4:59,1
2/3/2015 4:59,1
2/3/2015 5:00,1
2/3/2015 5:02,1
2/3/2015 5:03,1
2/3/2015 5:04,1
2/3/2015 5:05,1
2/3/2015 5:06,1
2/3/2015 5:06,1
2/3/2015 5:08,1
2/3/2015 5:09,1
2/3/2015 5:10,1
2/3/2015 5:10,1
2/3/2015 5:12,1
2/3/2015 5:12,1
2/3/2015 5:13,1
2/3/2015 5:15,1
2/3/2015 5:16,1
2/3/2015 5:17,1
2/3/2015 5:18,1
2/3/2015 5:19,1
2/3/2015 5:19,1
2/3/2015 5:21,1
2/3/2015 5:22,1
2/3/2015 5:23,1
2/3/2015 5:23,1
2/3/2015 5:25,1
2/3/2015 5:25,1
2/3/2015 5:26,1
2/3/2015 5:28,1
2/3/2015 5:29,1
2/3/2015 5:30,1
2/3/2015 5:31,1
2/3/2015 5:31,1
2/3/2015 5:32,1
2/3/2015 5:34,1
2/3/2015 5:35,1
2/3/2015 5:36,1
2/3/2015 5:37,1
2/3/2015 5:38,1
2/3/2015 5:38,1
2/3/2015 5:39,1
2/3/2015 5:41,1
2/3/2015 5:42,1
2/3/2015 5:43,1
2/3/2015 5:44,1
2/3/2015 5:44,1
2/3/2015 5:45,1
2/3/2015 5:47,1
2/3/2015 5:48,1
2/3/2015 5:49,1
2/3/2015 5:50,1
2/3/2015 5:51,1
2/3/2015 5:51,1
2/3/2015 5:53,1
2/3/2015 5:54,1
2/3/2015 5:55,1
2/3/2015 5:55,1
2/3/2015 5:57,1
2/3/2015 5:57,1
2/3/2015 5:58,1
2/3/2015 6:00,1
2/3/2015 6:01,1
2/3/2015 6:02,1
2/3/2015 6:03,1
2/3/2015 6:04,1
2/3/2015 6:04,1
2/3/2015 6:06,1
2/3/2015 6:07,1
2/3/2015 6:08,1
2/3/2015 6:08,1
2/3/2015 6:10,1
2/3/2015 6:10,1
2/3/2015 6:11,1
2/3/2015 6:13,1
2/3/2015 6:14,1
2/3/2015 6:15,1
2/3/2015 6:16,1
2/3/2015 6:16,1
2/3/2015 6:17,1
2/3/2015 6:19,1
2/3/2015 6:20,1
2/3/2015 6:21,1
2/3/2015 6:22,1
2/3/2015 6:23,1
2/3/2015 6:23,1
2/3/2015 6:24,1
2/3/2015 6:26,1
2/3/2015 6:27,1
2/3/2015 6:28,1
2/3/2015 6:29,1
2/3/2015 6:29,1
2/3/2015 6:30,1
2/3/2015 6:32,1
2/3/2015 6:33,1
2/3/2015 6:34,1
2/3/2015 6:35,1
2/3/2015 6:36,1
2/3/2015 6:36,1
2/3/2015 6:38,1
2/3/2015 6:39,1
2/3/2015 6:40,1
2/3/2015 6:40,1
2/3/2015 6:42,1
2/3/2015 6:42,1
2/3/2015 6:43,1
2/3/2015 6:45,1
2/3/2015 6:46,1
2/3/2015 6:47,1
2/3/2015 6:48,1
2/3/2015 6:49,1
2/3/2015 6:49,1
2/3/2015 6:51,1
2/3/2015 6:52,1
2/3/2015 6:53,1
2/3/2015 6:53,1
2/3/2015 6:55,1
2/3/2015 6:55,1
2/3/2015 6:56,1
2/3/2015 6:58,1
2/3/2015 6:59,1
2/3/2015 7:00,1
2/3/2015 7:01,1
2/3/2015 7:01,1
2/3/2015 7:02,1
2/3/2015 7:04,1
2/3/2015 7:05,1
2/3/2015 7:06,1
2/3/2015 7:07,1
2/3/2015 7:08,1
2/3/2015 7:08,1
2/3/2015 7:09,1
2/3/2015 7:11,1
2/3/2015 7:12,1
2/3/2015 7:13,1
2/3/2015 7:14,1
2/3/2015 7:14,1
2/3/2015 7:15,1
2/3/2015 7:17,1
2/3/2015 7:18,1
2/3/2015 7:19,1
2/3/2015 7:20,1
2/3/2015 7:21,1
2/3/2015 7:21,1
2/3/2015 7:23,1
2/3/2015 7:24,1
2/3/2015 7:25,1
2/3/2015 7:25,1
2/3/2015 7:27,1
2/3/2015 7:27,1
2/3/2015 7:28,1
2/3/2015 7:30,1
2/3/2015 7:31,1
2/3/2015 7:32,1
2/3/2015 7:33,1
2/3/2015 7:34,1
2/3/2015 7:34,1
2/3/2015 7:36,0
2/3/2015 7:37,1
2/3/2015 7:38,1
2/3/2015 7:38,1
2/3/2015 7:40,1
2/3/2015 7:40,1
2/3/2015 7:41,1
2/3/2015 7:43,1
2/3/2015 7:44,1
2/3/2015 7:45,1
2/3/2015 7:46,1
2/3/2015 7:46,1
2/3/2015 7:47,1
2/3/2015 7:49,1
2/3/2015 7:50,1
2/3/2015 7:51,1
2/3/2015 7:52,1
2/3/2015 7:53,1
2/3/2015 7:53,1
2/3/2015 7:54,1
2/3/2015 7:56,1
2/3/2015 7:57,1
2/3/2015 7:58,1
2/3/2015 7:59,1
2/3/2015 7:59,1
2/3/2015 8:00,1
2/3/2015 8:02,1
2/3/2015 8:03,1
2/3/2015 8:04,1
2/3/2015 8:05,1
2/3/2015 8:06,1
2/3/2015 8:06,1
2/3/2015 8:08,1
2/3/2015 8:09,1
2/3/2015 8:10,1
2/3/2015 8:10,1
2/3/2015 8:12,1
2/3/2015 8:12,1
2/3/2015 8:13,1
2/3/2015 8:15,1
2/3/2015 8:16,1
2/3/2015 8:17,1
2/3/2015 8:18,1
2/3/2015 8:19,1
2/3/2015 8:19,1
2/3/2015 8:21,1
2/3/2015 8:22,1
2/3/2015 8:23,1
2/3/2015 8:23,1
2/3/2015 8:25,1
2/3/2015 8:25,1
2/3/2015 8:26,1
2/3/2015 8:28,1
2/3/2015 8:29,1
2/3/2015 8:30,1
2/3/2015 8:31,1
2/3/2015 8:31,1
2/3/2015 8:32,1
2/3/2015 8:34,1
2/3/2015 8:35,1
2/3/2015 8:36,1
2/3/2015 8:37,1
2/3/2015 8:38,1
2/3/2015 8:38,1
2/3/2015 8:39,1
2/3/2015 8:41,1
2/3/2015 8:42,1
2/3/2015 8:43,1
2/3/2015 8:44,1
2/3/2015 8:44,1
2/3/2015 8:45,1
2/3/2015 8:47,1
2/3/2015 8:48,1
2/3/2015 8:49,1
2/3/2015 8:50,1
2/3/2015 8:51,1
2/3/2015 8:51,1
2/3/2015 8:53,1
2/3/2015 8:54,1
2/3/2015 8:55,1
2/3/2015 8:55,1
2/3/2015 8:57,1
2/3/2015 8:57,1
2/3/2015 8:58,1
2/3/2015 9:00,1
2/3/2015 9:01,1
2/3/2015 9:02,1
2/3/2015 9:03,1
2/3/2015 9:04,1
2/3/2015 9:04,1
2/3/2015 9:06,1
2/3/2015 9:07,1
2/3/2015 9:08,1
2/3/2015 9:08,1
2/3/2015 9:10,1
2/3/2015 9:10,1
2/3/2015 9:11,1
2/3/2015 9:13,1
2/3/2015 9:14,1
2/3/2015 9:15,1
2/3/2015 9:16,1
2/3/2015 9:16,1
2/3/2015 9:17,1
2/3/2015 9:19,1
2/3/2015 9:20,1
2/3/2015 9:21,1
2/3/2015 9:22,1
2/3/2015 9:23,1
2/3/2015 9:23,1
2/3/2015 9:24,1
2/3/2015 9:26,1
2/3/2015 9:27,1
2/3/2015 9:28,1
2/3/2015 9:29,1
2/3/2015 9:29,1
2/3/2015 9:30,1
2/3/2015 9:32,1
2/3/2015 9:33,1
2/3/2015 9:34,1
2/3/2015 9:35,1
2/3/2015 9:36,1
2/3/2015 9:36,1
2/3/2015 9:38,1
2/3/2015 9:39,1
2/3/2015 9:40,1
2/3/2015 9:40,1
2/3/2015 9:42,1
2/3/2015 9:42,1
2/3/2015 9:43,1
2/3/2015 9:45,1
2/3/2015 9:46,1
2/3/2015 9:47,1
2/3/2015 9:48,1
2/3/2015 9:49,1
2/3/2015 9:49,1
2/3/2015 9:51,1
2/3/2015 9:52,1
2/3/2015 9:53,1
2/3/2015 9:53,1
2/3/2015 9:55,1
2/3/2015 9:55,1
2/3/2015 9:56,1
2/3/2015 9:58,1
2/3/2015 9:59,1
2/3/2015 10:00,1
2/3/2015 10:01,1
2/3/2015 10:01,1
2/3/2015 10:02,1
2/3/2015 10:04,1
2/3/2015 10:05,1
2/3/2015 10:06,1
2/3/2015 10:07,1
2/3/2015 10:08,1
2/3/2015 10:08,1
2/3/2015 10:09,1
2/3/2015 10:11,1
2/3/2015 10:12,1
2/3/2015 10:13,1
2/3/2015 10:14,1
2/3/2015 10:14,1
2/3/2015 10:15,1
2/3/2015 10:17,1
2/3/2015 10:18,1
2/3/2015 10:19,1
2/3/2015 10:20,1
2/3/2015 10:21,1
2/3/2015 10:21,1
2/3/2015 10:23,1
2/3/2015 10:24,1
2/3/2015 10:25,1
2/3/2015 10:25,1
2/3/2015 10:27,1
2/3/2015 10:27,1
2/3/2015 10:28,1
2/3/2015 10:30,1
2/3/2015 10:31,1
2/3/2015 10:32,1
2/3/2015 10:33,1
2/3/2015 10:34,1
2/3/2015 10:34,1
2/3/2015 10:36,1
2/3/2015 10:37,1
2/3/2015 10:38,1
2/3/2015 10:38,1
2/3/2015 10:40,1
2/3/2015 10:40,1
2/3/2015 10:41,1
2/3/2015 10:43,1
2/3/2015 10:44,1
2/3/2015 10:45,1
2/3/2015 10:46,1
2/3/2015 10:46,1
2/3/2015 10:47,1
2/3/2015 10:49,1
2/3/2015 10:50,1
2/3/2015 10:51,1
2/3/2015 10:52,1
2/3/2015 10:53,1
2/3/2015 10:53,1
2/3/2015 10:54,1
2/3/2015 10:56,1
2/3/2015 10:57,1
2/3/2015 10:58,1
2/3/2015 10:59,1
2/3/2015 10:59,1
2/3/2015 11:00,1
2/3/2015 11:02,1
2/3/2015 11:03,1
2/3/2015 11:04,1
2/3/2015 11:05,1
2/3/2015 11:06,1
2/3/2015 11:06,1
2/3/2015 11:08,1
2/3/2015 11:09,1
2/3/2015 11:10,1
2/3/2015 11:10,1
2/3/2015 11:12,1
2/3/2015 11:12,1
2/3/2015 11:13,1
2/3/2015 11:15,1
2/3/2015 11:16,1
2/3/2015 11:17,1
2/3/2015 11:18,1
2/3/2015 11:19,1
2/3/2015 11:19,1
2/3/2015 11:21,1
2/3/2015 11:22,1
2/3/2015 11:23,1
2/3/2015 11:23,1
2/3/2015 11:25,1
2/3/2015 11:25,1
2/3/2015 11:26,1
2/3/2015 11:28,1
2/3/2015 11:29,1
2/3/2015 11:30,1
2/3/2015 11:31,1
2/3/2015 11:31,1
2/3/2015 11:32,1
2/3/2015 11:34,1
2/3/2015 11:35,1
2/3/2015 11:36,0
2/3/2015 11:37,1
2/3/2015 11:38,1
2/3/2015 11:38,1
2/3/2015 11:39,1
2/3/2015 11:41,0
2/3/2015 11:42,1
2/3/2015 11:43,1
2/3/2015 11:44,1
2/3/2015 11:44,0
2/3/2015 11:45,1
2/3/2015 11:47,1
2/3/2015 11:48,1
2/3/2015 11:49,1
2/3/2015 11:50,1
2/3/2015 11:51,1
2/3/2015 11:51,1
2/3/2015 11:53,1
2/3/2015 11:54,1
2/3/2015 11:55,1
2/3/2015 11:55,1
2/3/2015 11:57,1
2/3/2015 11:57,1
2/3/2015 11:58,1
2/3/2015 12:00,1
2/3/2015 12:01,1
2/3/2015 12:02,1
2/3/2015 12:03,1
2/3/2015 12:04,1
2/3/2015 12:04,1
2/3/2015 12:06,1
2/3/2015 12:07,1
2/3/2015 12:08,1
2/3/2015 12:08,1
2/3/2015 12:10,1
2/3/2015 12:10,1
2/3/2015 12:11,1
2/3/2015 12:13,1
2/3/2015 12:14,1
2/3/2015 12:15,1
2/3/2015 12:16,1
2/3/2015 12:16,1
2/3/2015 12:17,1
2/3/2015 12:19,1
2/3/2015 12:20,1
2/3/2015 12:21,1
2/3/2015 12:22,1
2/3/2015 12:23,1
2/3/2015 12:23,1
2/3/2015 12:24,1
2/3/2015 12:26,1
2/3/2015 12:27,1
2/3/2015 12:28,1
2/3/2015 12:29,1
2/3/2015 12:29,1
2/3/2015 12:30,1
2/3/2015 12:32,1
2/3/2015 12:33,1
2/3/2015 12:34,1
2/3/2015 12:35,1
2/3/2015 12:36,1
2/3/2015 12:36,1
2/3/2015 12:38,1
2/3/2015 12:39,1
2/3/2015 12:40,1
2/3/2015 12:40,1
2/3/2015 12:42,1
2/3/2015 12:42,1
2/3/2015 12:43,1
2/3/2015 12:45,1
2/3/2015 12:46,1
2/3/2015 12:47,1
2/3/2015 12:48,1
2/3/2015 12:49,1
2/3/2015 12:49,1
2/3/2015 12:51,1
2/3/2015 12:52,1
2/3/2015 12:53,1
2/3/2015 12:53,1
2/3/2015 12:55,1
2/3/2015 12:55,1
2/3/2015 12:56,1
2/3/2015 12:58,1
2/3/2015 12:59,1
2/3/2015 13:00,1
2/3/2015 13:01,1
2/3/2015 13:01,1
2/3/2015 13:02,1
2/3/2015 13:04,1
2/3/2015 13:05,1
2/3/2015 13:06,1
2/3/2015 13:07,1
2/3/2015 13:08,1
2/3/2015 13:08,1
2/3/2015 13:09,1
2/3/2015 13:11,0
2/3/2015 13:12,0
2/3/2015 13:13,0
2/3/2015 13:14,0
2/3/2015 13:14,0
2/3/2015 13:15,0
2/3/2015 13:17,0
2/3/2015 13:18,0
2/3/2015 13:19,0
2/3/2015 13:20,0
2/3/2015 13:21,0
2/3/2015 13:21,0
2/3/2015 13:23,0
2/3/2015 13:24,0
2/3/2015 13:25,0
2/3/2015 13:25,0
2/3/2015 13:27,0
2/3/2015 13:27,0
2/3/2015 13:28,0
2/3/2015 13:30,0
2/3/2015 13:31,0
2/3/2015 13:32,0
2/3/2015 13:33,1
2/3/2015 13:34,1
2/3/2015 13:34,1
2/3/2015 13:36,1
2/3/2015 13:37,1
2/3/2015 13:38,1
2/3/2015 13:38,1
2/3/2015 13:40,1
2/3/2015 13:40,1
2/3/2015 13:41,1
2/3/2015 13:43,1
2/3/2015 13:44,1
2/3/2015 13:45,1
2/3/2015 13:46,1
2/3/2015 13:46,1
2/3/2015 13:47,1
2/3/2015 13:49,1
2/3/2015 13:50,1
2/3/2015 13:51,1
2/3/2015 13:52,1
2/3/2015 13:53,1
2/3/2015 13:53,1
2/3/2015 13:54,1
2/3/2015 13:56,1
2/3/2015 13:57,1
2/3/2015 13:58,1
2/3/2015 13:59,1
2/3/2015 13:59,1
2/3/2015 14:00,1
2/3/2015 14:02,1
2/3/2015 14:03,1
2/3/2015 14:04,1
2/3/2015 14:05,1
2/3/2015 14:06,1
2/3/2015 14:06,1
2/3/2015 14:08,1
2/3/2015 14:09,1
2/3/2015 14:10,1
2/3/2015 14:10,1
2/3/2015 14:12,1
2/3/2015 14:12,1
2/3/2015 14:13,1
2/3/2015 14:15,1
2/3/2015 14:16,1
2/3/2015 14:17,1
2/3/2015 14:18,1
2/3/2015 14:19,1
2/3/2015 14:19,1
2/3/2015 14:21,1
2/3/2015 14:22,1
2/3/2015 14:23,1
2/3/2015 14:23,1
2/3/2015 14:25,1
2/3/2015 14:25,1
2/3/2015 14:26,1
2/3/2015 14:28,1
2/3/2015 14:29,1
2/3/2015 14:30,1
2/3/2015 14:31,1
2/3/2015 14:31,1
2/3/2015 14:32,1
2/3/2015 14:34,1
2/3/2015 14:35,1
2/3/2015 14:36,1
2/3/2015 14:37,1
2/3/2015 14:38,1
2/3/2015 14:38,1
2/3/2015 14:39,1
2/3/2015 14:41,1
2/3/2015 14:42,1
2/3/2015 14:43,1
2/3/2015 14:44,1
2/3/2015 14:44,1
2/3/2015 14:45,1
2/3/2015 14:47,1
2/3/2015 14:48,1
2/3/2015 14:49,1
2/3/2015 14:50,1
2/3/2015 14:51,1
2/3/2015 14:51,1
2/3/2015 14:53,1
2/3/2015 14:54,1
2/3/2015 14:55,1
2/3/2015 14:55,1
2/3/2015 14:57,1
2/3/2015 14:57,1
2/3/2015 14:58,1
2/3/2015 15:00,1
2/3/2015 15:01,1
2/3/2015 15:02,1
2/3/2015 15:03,1
2/3/2015 15:04,1
2/3/2015 15:04,1
2/3/2015 15:06,1
2/3/2015 15:07,1
2/3/2015 15:08,1
2/3/2015 15:08,1
2/3/2015 15:10,1
2/3/2015 15:10,1
2/3/2015 15:11,1
2/3/2015 15:13,1
2/3/2015 15:14,1
2/3/2015 15:15,1
2/3/2015 15:16,1
2/3/2015 15:16,1
2/3/2015 15:17,1
2/3/2015 15:19,1
2/3/2015 15:20,1
2/3/2015 15:21,1
2/3/2015 15:22,1
2/3/2015 15:23,1
2/3/2015 15:23,1
2/3/2015 15:24,1
2/3/2015 15:26,1
2/3/2015 15:27,1
2/3/2015 15:28,1
2/3/2015 15:29,1
2/3/2015 15:29,1
2/3/2015 15:30,1
2/3/2015 15:32,1
2/3/2015 15:33,1
2/3/2015 15:34,1
2/3/2015 15:35,1
2/3/2015 15:36,1
2/3/2015 15:36,1
2/3/2015 15:38,1
2/3/2015 15:39,1
2/3/2015 15:40,1
2/3/2015 15:40,1
2/3/2015 15:42,1
2/3/2015 15:42,1
2/3/2015 15:43,1
2/3/2015 15:45,1
2/3/2015 15:46,1
2/3/2015 15:47,1
2/3/2015 15:48,1
2/3/2015 15:49,1
2/3/2015 15:49,1
2/3/2015 15:51,1
2/3/2015 15:52,1
2/3/2015 15:53,1
2/3/2015 15:53,1
2/3/2015 15:55,1
2/3/2015 15:55,1
2/3/2015 15:56,1
2/3/2015 15:58,1
2/3/2015 15:59,1
2/3/2015 16:00,1
2/3/2015 16:01,1
2/3/2015 16:01,1
2/3/2015 16:02,1
2/3/2015 16:04,1
2/3/2015 16:05,1
2/3/2015 16:06,1
2/3/2015 16:07,1
2/3/2015 16:08,1
2/3/2015 16:08,1
2/3/2015 16:09,1
2/3/2015 16:11,1
2/3/2015 16:12,1
2/3/2015 16:13,1
2/3/2015 16:14,1
2/3/2015 16:14,1
2/3/2015 16:15,1
2/3/2015 16:17,1
2/3/2015 16:18,1
2/3/2015 16:19,1
2/3/2015 16:20,1
2/3/2015 16:21,1
2/3/2015 16:21,1
2/3/2015 16:23,1
2/3/2015 16:24,1
2/3/2015 16:25,1
2/3/2015 16:25,1
2/3/2015 16:27,1
2/3/2015 16:27,1
2/3/2015 16:28,1
2/3/2015 16:30,1
2/3/2015 16:31,1
2/3/2015 16:32,1
2/3/2015 16:33,1
2/3/2015 16:34,1
2/3/2015 16:34,1
2/3/2015 16:36,1
2/3/2015 16:37,1
2/3/2015 16:38,1
2/3/2015 16:38,1
2/3/2015 16:40,1
2/3/2015 16:40,1
2/3/2015 16:41,1
2/3/2015 16:43,1
2/3/2015 16:44,1
2/3/2015 16:45,1
2/3/2015 16:46,1
2/3/2015 16:46,1
2/3/2015 16:47,1
2/3/2015 16:49,1
2/3/2015 16:50,1
2/3/2015 16:51,1
2/3/2015 16:52,1
2/3/2015 16:53,1
2/3/2015 16:53,1
2/3/2015 16:54,1
2/3/2015 16:56,1
2/3/2015 16:57,1
2/3/2015 16:58,1
2/3/2015 16:59,1
2/3/2015 16:59,1
2/3/2015 17:00,1
2/3/2015 17:02,1
2/3/2015 17:03,1
2/3/2015 17:04,1
2/3/2015 17:05,1
2/3/2015 17:06,1
2/3/2015 17:06,1
2/3/2015 17:08,1
2/3/2015 17:09,1
2/3/2015 17:10,1
2/3/2015 17:10,1
2/3/2015 17:12,1
2/3/2015 17:12,1
2/3/2015 17:13,1
2/3/2015 17:15,1
2/3/2015 17:16,1
2/3/2015 17:17,1
2/3/2015 17:18,1
2/3/2015 17:19,1
2/3/2015 17:19,1
2/3/2015 17:21,1
2/3/2015 17:22,1
2/3/2015 17:23,1
2/3/2015 17:23,1
2/3/2015 17:25,1
2/3/2015 17:25,1
2/3/2015 17:26,1
2/3/2015 17:28,1
2/3/2015 17:29,1
2/3/2015 17:30,1
2/3/2015 17:31,1
2/3/2015 17:31,1
2/3/2015 17:32,1
2/3/2015 17:34,1
2/3/2015 17:35,1
2/3/2015 17:36,1
2/3/2015 17:37,1
2/3/2015 17:38,1
2/3/2015 17:38,1
2/3/2015 17:39,1
2/3/2015 17:41,1
2/3/2015 17:42,1
2/3/2015 17:43,1
2/3/2015 17:44,1
2/3/2015 17:44,1
2/3/2015 17:45,1
2/3/2015 17:47,1
2/3/2015 17:48,1
2/3/2015 17:49,1
2/3/2015 17:50,1
2/3/2015 17:51,1
2/3/2015 17:51,1
2/3/2015 17:53,1
2/3/2015 17:54,1
2/3/2015 17:55,1
2/3/2015 17:55,1
2/3/2015 17:57,1
2/3/2015 17:57,1
2/3/2015 17:58,1
2/3/2015 18:00,1
2/3/2015 18:01,1
2/3/2015 18:02,1
2/3/2015 18:03,1
2/3/2015 18:04,1
2/3/2015 18:04,1
2/3/2015 18:06,1
2/3/2015 18:07,1
2/3/2015 18:08,1
2/3/2015 18:08,1
2/3/2015 18:10,1
2/3/2015 18:10,1
2/3/2015 18:11,1
2/3/2015 18:13,1
2/3/2015 18:14,1
2/3/2015 18:15,1
2/3/2015 18:16,1
2/3/2015 18:16,0
2/3/2015 18:17,0
2/3/2015 18:19,0
2/3/2015 18:20,0
2/3/2015 18:21,0
2/3/2015 18:22,0
2/3/2015 18:23,0
2/3/2015 18:23,0
2/3/2015 18:24,0
2/3/2015 18:26,0
2/3/2015 18:27,0
2/3/2015 18:28,0
2/3/2015 18:29,0
2/3/2015 18:29,0
2/3/2015 18:30,0
2/3/2015 18:32,0
2/3/2015 18:33,0
2/3/2015 18:34,0
2/3/2015 18:35,0
2/3/2015 18:36,0
2/3/2015 18:36,0
2/3/2015 18:38,0
2/3/2015 18:39,0
2/3/2015 18:40,0
2/3/2015 18:40,0
2/3/2015 18:42,0
2/3/2015 18:42,0
2/3/2015 18:43,0
2/3/2015 18:45,0
2/3/2015 18:46,0
2/3/2015 18:47,0
2/3/2015 18:48,0
2/3/2015 18:49,0
2/3/2015 18:49,0
2/3/2015 18:51,0
2/3/2015 18:52,0
2/3/2015 18:53,0
2/3/2015 18:53,0
2/3/2015 18:55,0
2/3/2015 18:55,0
2/3/2015 18:56,0
2/3/2015 18:58,0
2/3/2015 18:59,0
2/3/2015 19:00,0
2/3/2015 19:01,0
2/3/2015 19:01,0
2/3/2015 19:02,0
2/3/2015 19:04,0
2/3/2015 19:05,0
2/3/2015 19:06,0
2/3/2015 19:07,0
2/3/2015 19:08,0
2/3/2015 19:08,0
2/3/2015 19:09,0
2/3/2015 19:11,0
2/3/2015 19:12,0
2/3/2015 19:13,0
2/3/2015 19:14,0
2/3/2015 19:14,0
2/3/2015 19:15,0
2/3/2015 19:17,0
2/3/2015 19:18,0
2/3/2015 19:19,0
2/3/2015 19:20,0
2/3/2015 19:21,0
2/3/2015 19:21,0
2/3/2015 19:23,0
2/3/2015 19:24,0
2/3/2015 19:25,0
2/3/2015 19:25,0
2/3/2015 19:27,0
2/3/2015 19:27,0
2/3/2015 19:28,0
2/3/2015 19:30,0
2/3/2015 19:31,0
2/3/2015 19:32,0
2/3/2015 19:33,0
2/3/2015 19:34,0
2/3/2015 19:34,0
2/3/2015 19:36,0
2/3/2015 19:37,0
2/3/2015 19:38,0
2/3/2015 19:38,0
2/3/2015 19:40,0
2/3/2015 19:40,0
2/3/2015 19:41,0
2/3/2015 19:43,0
2/3/2015 19:44,0
2/3/2015 19:45,0
2/3/2015 19:46,0
2/3/2015 19:46,0
2/3/2015 19:47,0
2/3/2015 19:49,0
2/3/2015 19:50,0
2/3/2015 19:51,0
2/3/2015 19:52,0
2/3/2015 19:53,0
2/3/2015 19:53,0
2/3/2015 19:54,0
2/3/2015 19:56,0
2/3/2015 19:57,0
2/3/2015 19:58,0
2/3/2015 19:59,0
2/3/2015 19:59,0
2/3/2015 20:00,0
2/3/2015 20:02,0
2/3/2015 20:03,0
2/3/2015 20:04,0
2/3/2015 20:05,0
2/3/2015 20:06,0
2/3/2015 20:06,0
2/3/2015 20:08,0
2/3/2015 20:09,0
2/3/2015 20:10,0
2/3/2015 20:10,0
2/3/2015 20:12,0
2/3/2015 20:12,0
2/3/2015 20:13,0
2/3/2015 20:15,0
2/3/2015 20:16,0
2/3/2015 20:17,0
2/3/2015 20:18,0
2/3/2015 20:19,0
2/3/2015 20:19,0
2/3/2015 20:21,0
2/3/2015 20:22,0
2/3/2015 20:23,0
2/3/2015 20:23,0
2/3/2015 20:25,0
2/3/2015 20:25,0
2/3/2015 20:26,0
2/3/2015 20:28,0
2/3/2015 20:29,0
2/3/2015 20:30,0
2/3/2015 20:31,0
2/3/2015 20:31,0
2/3/2015 20:32,0
2/3/2015 20:34,0
2/3/2015 20:35,0
2/3/2015 20:36,0
2/3/2015 20:37,0
2/3/2015 20:38,0
2/3/2015 20:38,0
2/3/2015 20:39,0
2/3/2015 20:41,0
2/3/2015 20:42,0
2/3/2015 20:43,0
2/3/2015 20:44,0
2/3/2015 20:44,0
2/3/2015 20:45,0
2/3/2015 20:47,0
2/3/2015 20:48,0
2/3/2015 20:49,0
2/3/2015 20:50,0
2/3/2015 20:51,0
2/3/2015 20:51,0
2/3/2015 20:53,0
2/3/2015 20:54,0
2/3/2015 20:55,0
2/3/2015 20:55,0
2/3/2015 20:57,0
2/3/2015 20:57,0
2/3/2015 20:58,0
2/3/2015 21:00,0
2/3/2015 21:01,0
2/3/2015 21:02,0
2/3/2015 21:03,0
2/3/2015 21:04,0
2/3/2015 21:04,0
2/3/2015 21:06,0
2/3/2015 21:07,0
2/3/2015 21:08,0
2/3/2015 21:08,0
2/3/2015 21:10,0
2/3/2015 21:10,0
2/3/2015 21:11,0
2/3/2015 21:13,0
2/3/2015 21:14,0
2/3/2015 21:15,0
2/3/2015 21:16,0
2/3/2015 21:16,0
2/3/2015 21:17,0
2/3/2015 21:19,0
2/3/2015 21:20,0
2/3/2015 21:21,0
2/3/2015 21:22,0
2/3/2015 21:23,0
2/3/2015 21:23,0
2/3/2015 21:24,0
2/3/2015 21:26,0
2/3/2015 21:27,0
2/3/2015 21:28,0
2/3/2015 21:29,0
2/3/2015 21:29,0
2/3/2015 21:30,0
2/3/2015 21:32,0
2/3/2015 21:33,0
2/3/2015 21:34,0
2/3/2015 21:35,0
2/3/2015 21:36,0
2/3/2015 21:36,0
2/3/2015 21:38,0
2/3/2015 21:39,0
2/3/2015 21:40,0
2/3/2015 21:40,0
2/3/2015 21:42,0
2/3/2015 21:42,0
2/3/2015 21:43,0
2/3/2015 21:45,0
2/3/2015 21:46,0
2/3/2015 21:47,0
2/3/2015 21:48,0
2/3/2015 21:49,0
2/3/2015 21:49,0
2/3/2015 21:51,0
2/3/2015 21:52,0
2/3/2015 21:53,0
2/3/2015 21:53,0
2/3/2015 21:55,0
2/3/2015 21:55,0
2/3/2015 21:56,0
2/3/2015 21:58,0
2/3/2015 21:59,0
2/3/2015 22:00,0
2/3/2015 22:01,0
2/3/2015 22:01,0
2/3/2015 22:02,0
2/3/2015 22:04,0
2/3/2015 22:05,0
2/3/2015 22:06,0
2/3/2015 22:07,0
2/3/2015 22:08,0
2/3/2015 22:08,0
2/3/2015 22:09,0
2/3/2015 22:11,0
2/3/2015 22:12,0
2/3/2015 22:13,0
2/3/2015 22:14,0
2/3/2015 22:14,0
2/3/2015 22:15,0
2/3/2015 22:17,0
2/3/2015 22:18,0
2/3/2015 22:19,0
2/3/2015 22:20,0
2/3/2015 22:21,0
2/3/2015 22:21,0
2/3/2015 22:23,0
2/3/2015 22:24,0
2/3/2015 22:25,0
2/3/2015 22:25,0
2/3/2015 22:27,0
2/3/2015 22:27,0
2/3/2015 22:28,0
2/3/2015 22:30,0
2/3/2015 22:31,0
2/3/2015 22:32,0
2/3/2015 22:33,0
2/3/2015 22:34,0
2/3/2015 22:34,0
2/3/2015 22:36,0
2/3/2015 22:37,0
2/3/2015 22:38,0
2/3/2015 22:38,0
2/3/2015 22:40,0
2/3/2015 22:40,0
2/3/2015 22:41,0
2/3/2015 22:43,0
2/3/2015 22:44,0
2/3/2015 22:45,0
2/3/2015 22:46,0
2/3/2015 22:46,0
2/3/2015 22:47,0
2/3/2015 22:49,0
2/3/2015 22:50,0
2/3/2015 22:51,0
2/3/2015 22:52,0
2/3/2015 22:53,0
2/3/2015 22:53,0
2/3/2015 22:54,0
2/3/2015 22:56,0
2/3/2015 22:57,0
2/3/2015 22:58,0
2/3/2015 22:59,0
2/3/2015 22:59,0
2/3/2015 23:00,0
2/3/2015 23:02,0
2/3/2015 23:03,0
2/3/2015 23:04,0
2/3/2015 23:05,0
2/3/2015 23:06,0
2/3/2015 23:06,0
2/3/2015 23:08,0
2/3/2015 23:09,0
2/3/2015 23:10,0
2/3/2015 23:10,0
2/3/2015 23:12,0
2/3/2015 23:12,0
2/3/2015 23:13,0
2/3/2015 23:15,0
2/3/2015 23:16,0
2/3/2015 23:17,0
2/3/2015 23:18,0
2/3/2015 23:19,0
2/3/2015 23:19,0
2/3/2015 23:21,0
2/3/2015 23:22,0
2/3/2015 23:23,0
2/3/2015 23:23,0
2/3/2015 23:25,0
2/3/2015 23:25,0
2/3/2015 23:26,0
2/3/2015 23:28,0
2/3/2015 23:29,0
2/3/2015 23:30,0
2/3/2015 23:31,0
2/3/2015 23:31,0
2/3/2015 23:32,0
2/3/2015 23:34,0
2/3/2015 23:35,0
2/3/2015 23:36,0
2/3/2015 23:37,0
2/3/2015 23:38,0
2/3/2015 23:38,0
2/3/2015 23:39,0
2/3/2015 23:41,0
2/3/2015 23:42,0
2/3/2015 23:43,0
2/3/2015 23:44,0
2/3/2015 23:44,0
2/3/2015 23:45,0
2/3/2015 23:47,0
2/3/2015 23:48,0
2/3/2015 23:49,0
2/3/2015 23:50,0
2/3/2015 23:51,0
2/3/2015 23:51,0
2/3/2015 23:53,0
2/3/2015 23:54,0
2/3/2015 23:55,0
2/3/2015 23:55,0
2/3/2015 23:57,0
2/3/2015 23:57,0
2/3/2015 23:58,0
2/4/2015 0:00,0
2/4/2015 0:01,0
2/4/2015 0:02,0
2/4/2015 0:03,0
2/4/2015 0:04,0
2/4/2015 0:04,0
2/4/2015 0:06,0
2/4/2015 0:07,0
2/4/2015 0:08,0
2/4/2015 0:08,0
2/4/2015 0:10,0
2/4/2015 0:10,0
2/4/2015 0:11,0
2/4/2015 0:13,0
2/4/2015 0:14,0
2/4/2015 0:15,0
2/4/2015 0:16,0
2/4/2015 0:16,0
2/4/2015 0:17,0
2/4/2015 0:19,0
2/4/2015 0:20,0
2/4/2015 0:21,0
2/4/2015 0:22,0
2/4/2015 0:23,0
2/4/2015 0:23,0
2/4/2015 0:24,0
2/4/2015 0:26,0
2/4/2015 0:27,0
2/4/2015 0:28,0
2/4/2015 0:29,0
2/4/2015 0:29,0
2/4/2015 0:30,0
2/4/2015 0:32,0
2/4/2015 0:33,0
2/4/2015 0:34,0
2/4/2015 0:35,0
2/4/2015 0:36,0
2/4/2015 0:36,0
2/4/2015 0:38,0
2/4/2015 0:39,0
2/4/2015 0:40,0
2/4/2015 0:40,0
2/4/2015 0:42,0
2/4/2015 0:42,0
2/4/2015 0:43,0
2/4/2015 0:45,0
2/4/2015 0:46,0
2/4/2015 0:47,0
2/4/2015 0:48,0
2/4/2015 0:49,0
2/4/2015 0:49,0
2/4/2015 0:51,0
2/4/2015 0:52,0
2/4/2015 0:53,0
2/4/2015 0:53,0
2/4/2015 0:55,0
2/4/2015 0:55,0
2/4/2015 0:56,0
2/4/2015 0:58,0
2/4/2015 0:59,0
2/4/2015 1:00,0
2/4/2015 1:01,0
2/4/2015 1:01,0
2/4/2015 1:02,0
2/4/2015 1:04,0
2/4/2015 1:05,0
2/4/2015 1:06,0
2/4/2015 1:07,0
2/4/2015 1:08,0
2/4/2015 1:08,0
2/4/2015 1:09,0
2/4/2015 1:11,0
2/4/2015 1:12,0
2/4/2015 1:13,0
2/4/2015 1:14,0
2/4/2015 1:14,0
2/4/2015 1:15,0
2/4/2015 1:17,0
2/4/2015 1:18,0
2/4/2015 1:19,0
2/4/2015 1:20,0
2/4/2015 1:21,0
2/4/2015 1:21,0
2/4/2015 1:23,0
2/4/2015 1:24,0
2/4/2015 1:25,0
2/4/2015 1:25,0
2/4/2015 1:27,0
2/4/2015 1:27,0
2/4/2015 1:28,0
2/4/2015 1:30,0
2/4/2015 1:31,0
2/4/2015 1:32,0
2/4/2015 1:33,0
2/4/2015 1:34,0
2/4/2015 1:34,0
2/4/2015 1:36,0
2/4/2015 1:37,0
2/4/2015 1:38,0
2/4/2015 1:38,0
2/4/2015 1:40,0
2/4/2015 1:40,0
2/4/2015 1:41,0
2/4/2015 1:43,0
2/4/2015 1:44,0
2/4/2015 1:45,0
2/4/2015 1:46,0
2/4/2015 1:46,0
2/4/2015 1:47,0
2/4/2015 1:49,0
2/4/2015 1:50,0
2/4/2015 1:51,0
2/4/2015 1:52,0
2/4/2015 1:53,0
2/4/2015 1:53,0
2/4/2015 1:54,0
2/4/2015 1:56,0
2/4/2015 1:57,0
2/4/2015 1:58,0
2/4/2015 1:59,0
2/4/2015 1:59,0
2/4/2015 2:00,0
2/4/2015 2:02,0
2/4/2015 2:03,0
2/4/2015 2:04,0
2/4/2015 2:05,0
2/4/2015 2:06,0
2/4/2015 2:06,0
2/4/2015 2:08,0
2/4/2015 2:09,0
2/4/2015 2:10,0
2/4/2015 2:10,0
2/4/2015 2:12,0
2/4/2015 2:12,0
2/4/2015 2:13,0
2/4/2015 2:15,0
2/4/2015 2:16,0
2/4/2015 2:17,0
2/4/2015 2:18,0
2/4/2015 2:19,0
2/4/2015 2:19,0
2/4/2015 2:21,0
2/4/2015 2:22,0
2/4/2015 2:23,0
2/4/2015 2:23,0
2/4/2015 2:25,0
2/4/2015 2:25,0
2/4/2015 2:26,0
2/4/2015 2:28,0
2/4/2015 2:29,0
2/4/2015 2:30,0
2/4/2015 2:31,0
2/4/2015 2:31,0
2/4/2015 2:32,0
2/4/2015 2:34,0
2/4/2015 2:35,0
2/4/2015 2:36,0
2/4/2015 2:37,0
2/4/2015 2:38,0
2/4/2015 2:38,0
2/4/2015 2:39,0
2/4/2015 2:41,0
2/4/2015 2:42,0
2/4/2015 2:43,0
2/4/2015 2:44,0
2/4/2015 2:44,0
2/4/2015 2:45,0
2/4/2015 2:47,0
2/4/2015 2:48,0
2/4/2015 2:49,0
2/4/2015 2:50,0
2/4/2015 2:51,0
2/4/2015 2:51,0
2/4/2015 2:53,0
2/4/2015 2:54,0
2/4/2015 2:55,0
2/4/2015 2:55,0
2/4/2015 2:57,0
2/4/2015 2:57,0
2/4/2015 2:58,0
2/4/2015 3:00,0
2/4/2015 3:01,0
2/4/2015 3:02,0
2/4/2015 3:03,0
2/4/2015 3:04,0
2/4/2015 3:04,0
2/4/2015 3:06,0
2/4/2015 3:07,0
2/4/2015 3:08,0
2/4/2015 3:08,0
2/4/2015 3:10,0
2/4/2015 3:10,0
2/4/2015 3:11,0
2/4/2015 3:13,0
2/4/2015 3:14,0
2/4/2015 3:15,0
2/4/2015 3:16,0
2/4/2015 3:16,0
2/4/2015 3:17,0
2/4/2015 3:19,0
2/4/2015 3:20,0
2/4/2015 3:21,0
2/4/2015 3:22,0
2/4/2015 3:23,0
2/4/2015 3:23,0
2/4/2015 3:24,0
2/4/2015 3:26,0
2/4/2015 3:27,0
2/4/2015 3:28,0
2/4/2015 3:29,0
2/4/2015 3:29,0
2/4/2015 3:30,0
2/4/2015 3:32,0
2/4/2015 3:33,0
2/4/2015 3:34,0
2/4/2015 3:35,0
2/4/2015 3:36,0
2/4/2015 3:36,0
2/4/2015 3:38,0
2/4/2015 3:39,0
2/4/2015 3:40,0
2/4/2015 3:40,0
2/4/2015 3:42,0
2/4/2015 3:42,0
2/4/2015 3:43,0
2/4/2015 3:45,0
2/4/2015 3:46,0
2/4/2015 3:47,0
2/4/2015 3:48,0
2/4/2015 3:49,0
2/4/2015 3:49,0
2/4/2015 3:51,0
2/4/2015 3:52,0
2/4/2015 3:53,0
2/4/2015 3:53,0
2/4/2015 3:55,0
2/4/2015 3:55,0
2/4/2015 3:56,0
2/4/2015 3:58,0
2/4/2015 3:59,0
2/4/2015 4:00,0
2/4/2015 4:01,0
2/4/2015 4:01,0
2/4/2015 4:02,0
2/4/2015 4:04,0
2/4/2015 4:05,0
2/4/2015 4:06,0
2/4/2015 4:07,0
2/4/2015 4:08,0
2/4/2015 4:08,0
2/4/2015 4:09,0
2/4/2015 4:11,0
2/4/2015 4:12,0
2/4/2015 4:13,0
2/4/2015 4:14,0
2/4/2015 4:14,0
2/4/2015 4:15,0
2/4/2015 4:17,0
2/4/2015 4:18,0
2/4/2015 4:19,0
2/4/2015 4:20,0
2/4/2015 4:21,0
2/4/2015 4:21,0
2/4/2015 4:23,0
2/4/2015 4:24,0
2/4/2015 4:25,0
2/4/2015 4:25,0
2/4/2015 4:27,0
2/4/2015 4:27,0
2/4/2015 4:28,0
2/4/2015 4:30,0
2/4/2015 4:31,0
2/4/2015 4:32,0
2/4/2015 4:33,0
2/4/2015 4:34,0
2/4/2015 4:34,0
2/4/2015 4:36,0
2/4/2015 4:37,0
2/4/2015 4:38,0
2/4/2015 4:38,0
2/4/2015 4:40,0
2/4/2015 4:40,0
2/4/2015 4:41,0
2/4/2015 4:43,0
2/4/2015 4:44,0
2/4/2015 4:45,0
2/4/2015 4:46,0
2/4/2015 4:46,0
2/4/2015 4:47,0
2/4/2015 4:49,0
2/4/2015 4:50,0
2/4/2015 4:51,0
2/4/2015 4:52,0
2/4/2015 4:53,0
2/4/2015 4:53,0
2/4/2015 4:54,0
2/4/2015 4:56,0
2/4/2015 4:57,0
2/4/2015 4:58,0
2/4/2015 4:59,0
2/4/2015 4:59,0
2/4/2015 5:00,0
2/4/2015 5:02,0
2/4/2015 5:03,0
2/4/2015 5:04,0
2/4/2015 5:05,0
2/4/2015 5:06,0
2/4/2015 5:06,0
2/4/2015 5:08,0
2/4/2015 5:09,0
2/4/2015 5:10,0
2/4/2015 5:10,0
2/4/2015 5:12,0
2/4/2015 5:12,0
2/4/2015 5:13,0
2/4/2015 5:15,0
2/4/2015 5:16,0
2/4/2015 5:17,0
2/4/2015 5:18,0
2/4/2015 5:19,0
2/4/2015 5:19,0
2/4/2015 5:21,0
2/4/2015 5:22,0
2/4/2015 5:23,0
2/4/2015 5:23,0
2/4/2015 5:25,0
2/4/2015 5:25,0
2/4/2015 5:26,0
2/4/2015 5:28,0
2/4/2015 5:29,0
2/4/2015 5:30,0
2/4/2015 5:31,0
2/4/2015 5:31,0
2/4/2015 5:32,0
2/4/2015 5:34,0
2/4/2015 5:35,0
2/4/2015 5:36,0
2/4/2015 5:37,0
2/4/2015 5:38,0
2/4/2015 5:38,0
2/4/2015 5:39,0
2/4/2015 5:41,0
2/4/2015 5:42,0
2/4/2015 5:43,0
2/4/2015 5:44,0
2/4/2015 5:44,0
2/4/2015 5:45,0
2/4/2015 5:47,0
2/4/2015 5:48,0
2/4/2015 5:49,0
2/4/2015 5:50,0
2/4/2015 5:51,0
2/4/2015 5:51,0
2/4/2015 5:53,0
2/4/2015 5:54,0
2/4/2015 5:55,0
2/4/2015 5:55,0
2/4/2015 5:57,0
2/4/2015 5:57,0
2/4/2015 5:58,0
2/4/2015 6:00,0
2/4/2015 6:01,0
2/4/2015 6:02,0
2/4/2015 6:03,0
2/4/2015 6:04,0
2/4/2015 6:04,0
2/4/2015 6:06,0
2/4/2015 6:07,0
2/4/2015 6:08,0
2/4/2015 6:08,0
2/4/2015 6:10,0
2/4/2015 6:10,0
2/4/2015 6:11,0
2/4/2015 6:13,0
2/4/2015 6:14,0
2/4/2015 6:15,0
2/4/2015 6:16,0
2/4/2015 6:16,0
2/4/2015 6:17,0
2/4/2015 6:19,0
2/4/2015 6:20,0
2/4/2015 6:21,0
2/4/2015 6:22,0
2/4/2015 6:23,0
2/4/2015 6:23,0
2/4/2015 6:24,0
2/4/2015 6:26,0
2/4/2015 6:27,0
2/4/2015 6:28,0
2/4/2015 6:29,0
2/4/2015 6:29,0
2/4/2015 6:30,0
2/4/2015 6:32,0
2/4/2015 6:33,0
2/4/2015 6:34,0
2/4/2015 6:35,0
2/4/2015 6:36,0
2/4/2015 6:36,0
2/4/2015 6:38,0
2/4/2015 6:39,0
2/4/2015 6:40,0
2/4/2015 6:40,0
2/4/2015 6:42,0
2/4/2015 6:42,0
2/4/2015 6:43,0
2/4/2015 6:45,0
2/4/2015 6:46,0
2/4/2015 6:47,0
2/4/2015 6:48,0
2/4/2015 6:49,0
2/4/2015 6:49,0
2/4/2015 6:51,0
2/4/2015 6:52,0
2/4/2015 6:53,0
2/4/2015 6:53,0
2/4/2015 6:55,0
2/4/2015 6:55,0
2/4/2015 6:56,0
2/4/2015 6:58,0
2/4/2015 6:59,0
2/4/2015 7:00,0
2/4/2015 7:01,0
2/4/2015 7:01,0
2/4/2015 7:02,0
2/4/2015 7:04,0
2/4/2015 7:05,0
2/4/2015 7:06,0
2/4/2015 7:07,0
2/4/2015 7:08,0
2/4/2015 7:08,0
2/4/2015 7:09,0
2/4/2015 7:11,0
2/4/2015 7:12,0
2/4/2015 7:13,0
2/4/2015 7:14,0
2/4/2015 7:14,0
2/4/2015 7:15,0
2/4/2015 7:17,0
2/4/2015 7:18,0
2/4/2015 7:19,0
2/4/2015 7:20,0
2/4/2015 7:21,0
2/4/2015 7:21,0
2/4/2015 7:23,0
2/4/2015 7:24,0
2/4/2015 7:25,0
2/4/2015 7:25,0
2/4/2015 7:27,0
2/4/2015 7:27,0
2/4/2015 7:28,0
2/4/2015 7:30,0
2/4/2015 7:31,0
2/4/2015 7:32,0
2/4/2015 7:33,0
2/4/2015 7:34,0
2/4/2015 7:34,0
2/4/2015 7:36,0
2/4/2015 7:37,0
2/4/2015 7:38,1
2/4/2015 7:38,1
2/4/2015 7:40,1
2/4/2015 7:40,1
2/4/2015 7:41,1
2/4/2015 7:43,1
2/4/2015 7:44,1
2/4/2015 7:45,1
2/4/2015 7:46,1
2/4/2015 7:46,1
2/4/2015 7:47,1
2/4/2015 7:49,1
2/4/2015 7:50,1
2/4/2015 7:51,1
2/4/2015 7:52,1
2/4/2015 7:53,1
2/4/2015 7:53,1
2/4/2015 7:54,1
2/4/2015 7:56,1
2/4/2015 7:57,1
2/4/2015 7:58,1
2/4/2015 7:59,1
2/4/2015 7:59,1
2/4/2015 8:00,1
2/4/2015 8:02,1
2/4/2015 8:03,1
2/4/2015 8:04,1
2/4/2015 8:05,1
2/4/2015 8:06,1
2/4/2015 8:06,1
2/4/2015 8:08,1
2/4/2015 8:09,1
2/4/2015 8:10,1
2/4/2015 8:10,1
2/4/2015 8:12,1
2/4/2015 8:12,1
2/4/2015 8:13,1
2/4/2015 8:15,1
2/4/2015 8:16,1
2/4/2015 8:17,1
2/4/2015 8:18,1
2/4/2015 8:19,1
2/4/2015 8:19,0
2/4/2015 8:21,0
2/4/2015 8:22,0
2/4/2015 8:23,1
2/4/2015 8:23,0
2/4/2015 8:25,1
2/4/2015 8:25,1
2/4/2015 8:26,1
2/4/2015 8:28,1
2/4/2015 8:29,1
2/4/2015 8:30,1
2/4/2015 8:31,1
2/4/2015 8:31,1
2/4/2015 8:32,1
2/4/2015 8:34,1
2/4/2015 8:35,1
2/4/2015 8:36,1
2/4/2015 8:37,1
2/4/2015 8:38,1
2/4/2015 8:38,1
2/4/2015 8:39,1
2/4/2015 8:41,1
2/4/2015 8:42,1
2/4/2015 8:43,1
2/4/2015 8:44,1
2/4/2015 8:44,1
2/4/2015 8:45,1
2/4/2015 8:47,1
2/4/2015 8:48,1
2/4/2015 8:49,1
2/4/2015 8:50,1
2/4/2015 8:51,1
2/4/2015 8:51,1
2/4/2015 8:53,1
2/4/2015 8:54,1
2/4/2015 8:55,1
2/4/2015 8:55,1
2/4/2015 8:57,1
2/4/2015 8:57,1
2/4/2015 8:58,1
2/4/2015 9:00,1
2/4/2015 9:01,1
2/4/2015 9:02,1
2/4/2015 9:03,1
2/4/2015 9:04,1
2/4/2015 9:04,1
2/4/2015 9:06,1
2/4/2015 9:07,1
2/4/2015 9:08,1
2/4/2015 9:08,1
2/4/2015 9:10,1
2/4/2015 9:10,1
2/4/2015 9:11,1
2/4/2015 9:13,1
2/4/2015 9:14,1
2/4/2015 9:15,1
2/4/2015 9:16,1
2/4/2015 9:16,1
2/4/2015 9:17,1
2/4/2015 9:19,1
2/4/2015 9:20,1
2/4/2015 9:21,1
2/4/2015 9:22,1
2/4/2015 9:23,1
2/4/2015 9:23,1
2/4/2015 9:24,1
2/4/2015 9:26,1
2/4/2015 9:27,1
2/4/2015 9:28,1
2/4/2015 9:29,1
2/4/2015 9:29,1
2/4/2015 9:30,1
2/4/2015 9:32,1
2/4/2015 9:33,1
2/4/2015 9:34,1
2/4/2015 9:35,1
2/4/2015 9:36,1
2/4/2015 9:36,1
2/4/2015 9:38,1
2/4/2015 9:39,0
2/4/2015 9:40,1
2/4/2015 9:40,1
2/4/2015 9:42,1
2/4/2015 9:42,0
2/4/2015 9:43,0
2/4/2015 9:45,0
2/4/2015 9:46,0
2/4/2015 9:47,0
2/4/2015 9:48,0
2/4/2015 9:49,0
2/4/2015 9:49,0
2/4/2015 9:51,0
2/4/2015 9:52,0
2/4/2015 9:53,0
2/4/2015 9:53,0
2/4/2015 9:55,0
2/4/2015 9:55,0
2/4/2015 9:56,0
2/4/2015 9:58,1
2/4/2015 9:59,1
2/4/2015 10:00,1
2/4/2015 10:01,1
2/4/2015 10:01,1
2/4/2015 10:02,1
2/4/2015 10:04,0
2/4/2015 10:05,0
2/4/2015 10:06,0
2/4/2015 10:07,0
2/4/2015 10:08,0
2/4/2015 10:08,0
2/4/2015 10:09,0
2/4/2015 10:11,0
2/4/2015 10:12,0
2/4/2015 10:13,0
2/4/2015 10:14,0
2/4/2015 10:14,0
2/4/2015 10:15,0
2/4/2015 10:17,0
2/4/2015 10:18,0
2/4/2015 10:19,0
2/4/2015 10:20,0
2/4/2015 10:21,0
2/4/2015 10:21,0
2/4/2015 10:23,0
2/4/2015 10:24,0
2/4/2015 10:25,0
2/4/2015 10:25,0
2/4/2015 10:27,0
2/4/2015 10:27,0
2/4/2015 10:28,0
2/4/2015 10:30,0
2/4/2015 10:31,0
2/4/2015 10:32,0
2/4/2015 10:33,0
2/4/2015 10:34,0
2/4/2015 10:34,0
2/4/2015 10:36,0
2/4/2015 10:37,0
2/4/2015 10:38,0
2/4/2015 10:38,0
2/4/2015 10:40,0
2/4/2015 10:40,0
2/4/2015 10:41,0
2/4/2015 10:43,0
